<?xml version="1.0" encoding="UTF-8"?>
<project-private xmlns="http://www.netbeans.org/ns/project-private/1">
    <editor-bookmarks xmlns="http://www.netbeans.org/ns/editor-bookmarks/2" lastBookmarkId="0"/>
    <open-files xmlns="http://www.netbeans.org/ns/projectui-open-files/2">
        <group>
            <file>file:/D:/JAY/Java/Advance%20Java/GUI_Programs/src/HomePage.java</file>
            <file>file:/D:/JAY/Java/Advance%20Java/GUI_Programs/src/Search.java</file>
            <file>file:/D:/JAY/Java/Advance%20Java/GUI_Programs/src/Login_Form.java</file>
            <file>file:/D:/JAY/Java/Advance%20Java/GUI_Programs/src/Add.java</file>
            <file>file:/D:/JAY/Java/Advance%20Java/GUI_Programs/src/Update.java</file>
            <file>file:/D:/JAY/Java/Advance%20Java/GUI_Programs/src/Learn.java</file>
        </group>
    </open-files>
</project-private>
